,fairness_method,model,stat_par,eq_odds,zero_one_loss,disp_imp,acc,hmean
0,grid,logreg,0.03772043714832536,0.5891137936441795,0.26037409828358105,0.7387975766244489,0.4446865232579518,0.6499716666099176
1,demv,svm,0.08796338321815174,0.5298653458015359,0.3342897310290976,0.6297492103339025,0.5464607464607465,0.5821890137801246
2,grid,svm,0.24115849083807905,0.583814456207749,0.29450442345179184,0.3324875337181643,0.4345008273579702,0.41650333077702595
3,demv,logreg,-0.024673155163313015,0.4411059214640729,0.22565940999785622,0.42624692178535417,0.5166069130354844,0.3857291291252692
