,fairness_method,model,stat_par,eq_odds,zero_one_loss,disp_imp,acc,hmean
0,demv,svm,0.008984300291391498,0.19767508584728263,0.24490459135787263,0.7574723676912434,0.5511904761904762,0.7334230463053268
1,demv,logreg,0.008945137167506993,0.20085623749720338,0.2397748715679457,0.7135998903578691,0.5138904210332782,0.7037147718577917
2,grid,logreg,-0.011688600744551575,0.24080823705538426,0.26037409828358105,0.8145759809996778,0.4446865232579518,0.6794091404395597
3,grid,svm,-0.1965453519057983,0.27328501660023397,0.29450442345179184,0.19720193666860458,0.4345008273579702,0.30148390389112273
